name,mail,pass,created,picture,roles
MKeown,MKeown@phpedu.org.uk,pass,,,student
PGroves,PGroves@phpedu.org.uk,pass,,,student
PMersin,PMersin@phpedu.org.uk,pass,,,student
ASmith,ASmith@phpedu.org.uk,pass,,,student
KRichardson,KRichardson@phpedu.org.uk,pass,,,student
MThomas,MThomas@phpedu.org.uk,pass,,,student
SBould,SBould@phpedu.org.uk,pass,,,student
KCampbell,KCampbell@phpedu.org.uk,pass,,,student
LDixon,LDixon@phpedu.org.uk,pass,,,student
NWinterburn,NWinterburn@phpedu.org.uk,pass,,,student
DHillier,DHillier@phpedu.org.uk,pass,,,student
ALimpar,ALimpar@phpedu.org.uk,pass,,,student
ALinighan,ALinighan@phpedu.org.uk,pass,,,student
DSeaman,DSeaman@phpedu.org.uk,pass,,,student
IWright,IWright@phpedu.org.uk,pass,,,student
JJensen,JJensen@phpedu.org.uk,pass,,,student
RParlour,RParlour@phpedu.org.uk,pass,,,student
DBergkamp,DBergkamp@phpedu.org.uk,pass,,,student
DPlatt,DPlatt@phpedu.org.uk,pass,,,student
PVieira,PVieira@phpedu.org.uk,pass,,,student
GGrimandi,GGrimandi@phpedu.org.uk,pass,,,student
MOvermars,MOvermars@phpedu.org.uk,pass,,,student
EPetit,EPetit@phpedu.org.uk,pass,,,student
FLjungberg,FLjungberg@phpedu.org.uk,pass,,,student
ACole,ACole@phpedu.org.uk,pass,,,student
THenry,THenry@phpedu.org.uk,pass,,,student
NKanu,NKanu@phpedu.org.uk,pass,,,student
OLuzhny,OLuzhny@phpedu.org.uk,pass,,,student
SWiltord,SWiltord@phpedu.org.uk,pass,,,student
SCampbell,SCampbell@phpedu.org.uk,pass,,,student
GSilva,GSilva@phpedu.org.uk,pass,,,student
KToure,KToure@phpedu.org.uk,pass,,,student
JLehmann,JLehmann@phpedu.org.uk,pass,,,student
CFabregas,CFabregas@phpedu.org.uk,pass,,,student
GClichy,GClichy@phpedu.org.uk,pass,,,student
PSenderos,PSenderos@phpedu.org.uk,pass,,,student
MAlmunia,MAlmunia@phpedu.org.uk,pass,,,student
JReyes,JReyes@phpedu.org.uk,pass,,,student
RPersie,RPersie@phpedu.org.uk,pass,,,student
MFlamini,MFlamini@phpedu.org.uk,pass,,,student
JDjourou,JDjourou@phpedu.org.uk,pass,,,student
EEboue,EEboue@phpedu.org.uk,pass,,,student
AHleb,AHleb@phpedu.org.uk,pass,,,student
NBendtner,NBendtner@phpedu.org.uk,pass,,,student
ASong,ASong@phpedu.org.uk,pass,,,student
EAdebayor,EAdebayor@phpedu.org.uk,pass,,,student
WGallas,WGallas@phpedu.org.uk,pass,,,student
TWalcott,TWalcott@phpedu.org.uk,pass,,,student
ADiaby,ADiaby@phpedu.org.uk,pass,,,student
TRosicki,TRosicki@phpedu.org.uk,pass,,,student
BSagna,BSagna@phpedu.org.uk,pass,,,student
ARamsey,ARamsey@phpedu.org.uk,pass,,,student
SNasri,SNasri@phpedu.org.uk,pass,,,student
AArshavin,AArshavin@phpedu.org.uk,pass,,,student
WSzczesny,WSzczesny@phpedu.org.uk,pass,,,student
LFabianski,LFabianski@phpedu.org.uk,pass,,,student
PMertesacker,PMertesacker@phpedu.org.uk,pass,,,student
TVermaelen,TVermaelen@phpedu.org.uk,pass,,,student
LKoscielny,LKoscielny@phpedu.org.uk,pass,,,student
NMonreal,NMonreal@phpedu.org.uk,pass,,,student
CJenkinson,CJenkinson@phpedu.org.uk,pass,,,student
KGibbs,KGibbs@phpedu.org.uk,pass,,,student
MArteta,MArteta@phpedu.org.uk,pass,,,student
JWilshere,JWilshere@phpedu.org.uk,pass,,,student
SCazorla,SCazorla@phpedu.org.uk,pass,,,student
EFrimpong,EFrimpong@phpedu.org.uk,pass,,,student
RMiyaichi,RMiyaichi@phpedu.org.uk,pass,,,student
LPodolski,LPodolski@phpedu.org.uk,pass,,,student
OGiroud,OGiroud@phpedu.org.uk,pass,,,student
AOxladeChamberlain,AOxladeChamberlain@phpedu.org.uk,pass,,,student
YSanogo,YSanogo@phpedu.org.uk,pass,,,student
JCampbell,JCampbell@phpedu.org.uk,pass,,,student
SWilliams,SWilliams@phpedu.org.uk,pass,,,student
MSharapova,MSharapova@phpedu.org.uk,pass,,,student
VAzarenka,VAzarenka@phpedu.org.uk,pass,,,student
ARadwanska,ARadwanska@phpedu.org.uk,pass,,,student
LiNa,LiNa@phpedu.org.uk,pass,,,student
SErrani,SErrani@phpedu.org.uk,pass,,,student
MBartoli,MBartoli@phpedu.org.uk,pass,,,student
PKvitova,PKvitova@phpedu.org.uk,pass,,,student
AKerber,AKerber@phpedu.org.uk,pass,,,student
CWozniacki,CWozniacki@phpedu.org.uk,pass,,,student
RVinci,RVinci@phpedu.org.uk,pass,,,student
MKirilenko,MKirilenko@phpedu.org.uk,pass,,,student
SStosur,SStosur@phpedu.org.uk,pass,,,student
JJankovic,JJankovic@phpedu.org.uk,pass,,,student
KFlipkens,KFlipkens@phpedu.org.uk,pass,,,student
SStephens,SStephens@phpedu.org.uk,pass,,,student
AIvanovic,AIvanovic@phpedu.org.uk,pass,,,student
SLisicki,SLisicki@phpedu.org.uk,pass,,,student
NPetrova,NPetrova@phpedu.org.uk,pass,,,student
CNavarro,CNavarro@phpedu.org.uk,pass,,,student
DCibulkova,DCibulkova@phpedu.org.uk,pass,,,student
EVesnina,EVesnina@phpedu.org.uk,pass,,,student
SHalep,SHalep@phpedu.org.uk,pass,,,student
APavlyuchenkova,APavlyuchenkova@phpedu.org.uk,pass,,,student
KKanepi,KKanepi@phpedu.org.uk,pass,,,student
EMakarova,EMakarova@phpedu.org.uk,pass,,,student
SKuznetsova,SKuznetsova@phpedu.org.uk,pass,,,student
LSafarova,LSafarova@phpedu.org.uk,pass,,,student
JHampton,JHampton@phpedu.org.uk,pass,,,student
ACornet,ACornet@phpedu.org.uk,pass,,,student
MBarthel,MBarthel@phpedu.org.uk,pass,,,student
LRobson,LRobson@phpedu.org.uk,pass,,,student
SCirstea,SCirstea@phpedu.org.uk,pass,,,student
PShuai,PShuai@phpedu.org.uk,pass,,,student
VWilliams,VWilliams@phpedu.org.uk,pass,,,student
VLepchenko,VLepchenko@phpedu.org.uk,pass,,,student
KZakopalova,KZakopalova@phpedu.org.uk,pass,,,student
BJovanovski,BJovanovski@phpedu.org.uk,pass,,,student
KMladenovic,KMladenovic@phpedu.org.uk,pass,,,student
URadwanska,URadwanska@phpedu.org.uk,pass,,,student
MRybarikova,MRybarikova@phpedu.org.uk,pass,,,student
SHsieh,SHsieh@phpedu.org.uk,pass,,,student
JGoerges,JGoerges@phpedu.org.uk,pass,,,student
MKeys,MKeys@phpedu.org.uk,pass,,,student
RoOprandi,RoOprandi@phpedu.org.uk,pass,,,student
DHantuchova,DHantuchova@phpedu.org.uk,pass,,,student
MNiculescu,MNiculescu@phpedu.org.uk,pass,,,student
MPuig,MPuig@phpedu.org.uk,pass,,,student
JHollins,JHollins@phpedu.org.uk,pass,,,alumnus
BTalbot,BTalbot@phpedu.org.uk,pass,,,alumnus
PDavis,PDavis@phpedu.org.uk,pass,,,alumnus
KSansom,KSansom@phpedu.org.uk,pass,,,alumnus
SRobson,SRobson@phpedu.org.uk,pass,,,alumnus
CWhyte,CWhyte@phpedu.org.uk,pass,,,alumnus
TWoodcock,TWoodcock@phpedu.org.uk,pass,,,alumnus
TAdams,TAdams@phpedu.org.uk,pass,,,alumnus
IAllinson,IAllinson@phpedu.org.uk,pass,,,alumnus
CNicholas,CNicholas@phpedu.org.uk,pass,,,alumnus
VAnderson,VAnderson@phpedu.org.uk,pass,,,alumnus
StWilliams,StWilliams@phpedu.org.uk,pass,,,alumnus
JLukic,JLukic@phpedu.org.uk,pass,,,alumnus
MHayes,MHayes@phpedu.org.uk,pass,,,alumnus
DRocastle,DRocastle@phpedu.org.uk,pass,,,alumnus
SVoegele,SVoegele@phpedu.org.uk,pass,,,alumnus
ABeck,ABeck@phpedu.org.uk,pass,,,alumnus
AMorita,AMorita@phpedu.org.uk,pass,,,alumnus
ZJie,ZJie@phpedu.org.uk,pass,,,alumnus
GMuguruza,GMuguruza@phpedu.org.uk,pass,,,alumnus
LLino,LLino@phpedu.org.uk,pass,,,alumnus
BMattekSands,BMattekSands@phpedu.org.uk,pass,,,alumnus
EBouchard,EBouchard@phpedu.org.uk,pass,,,alumnus
TPironkova,TPironkova@phpedu.org.uk,pass,,,alumnus
YWickmayer,YWickmayer@phpedu.org.uk,pass,,,alumnus
MMacdonald,MMacdonald@phpedu.org.uk,pass,,,alumnus
PJennings,PJennings@phpedu.org.uk,pass,,,alumnus
GRix,GRix@phpedu.org.uk,pass,,,alumnus
ASunderland,ASunderland@phpedu.org.uk,pass,,,alumnus
WYoung,WYoung@phpedu.org.uk,pass,,,alumnus
FSchiavone,FSchiavone@phpedu.org.uk,pass,,,alumnus
LTsurenko,LTsurenko@phpedu.org.uk,pass,,,alumnus
APetkovic,APetkovic@phpedu.org.uk,pass,,,alumnus
DVekic,DVekic@phpedu.org.uk,pass,,,alumnus
KDateKrumm,KDateKrumm@phpedu.org.uk,pass,,,alumnus
AlfieStephens,AlfieStephens@teleworm.us,pass,,,teacher
LucasBryant,LucasBryant@teleworm.us,pass,,,teacher
HenryBarker,HenryBarker@einrot.com,pass,,,teacher
CharlieMorgan,CharlieMorgan@superrito.com,pass,,,teacher
PeterCameron,PeterCameron@rhyta.com,pass,,,teacher
TylerNolan,TylerNolan@cuvox.de,pass,,,teacher
ReeceCharlton,ReeceCharlton@cuvox.de,pass,,,teacher
ChristopherFletcher,ChristopherFletcher@rhyta.com,pass,,,teacher
CoreyBanks,CoreyBanks@superrito.com,pass,,,teacher
BradleyWalker,BradleyWalker@rhyta.com,pass,,,teacher
LoganNaylor,LoganNaylor@armyspy.com,pass,,,teacher
DanielMoran,DanielMoran@dayrep.com,pass,,,teacher
FinlayJarvis,FinlayJarvis@gustr.com,pass,,,teacher
EllisBarton,EllisBarton@cuvox.de,pass,,,teacher
HarrySwift,HarrySwift@cuvox.de,pass,,,teacher
KaiDavison,KaiDavison@einrot.com,pass,,,teacher
OwenReed,OwenReed@armyspy.com,pass,,,teacher
CharlesBarber,CharlesBarber@dayrep.com,pass,,,teacher
HarrisonBolton,HarrisonBolton@cuvox.de,pass,,,teacher
BradleyBanks,BradleyBanks@teleworm.us,pass,,,teacher
FinleyShort,FinleyShort@cuvox.de,pass,,,teacher
CharlesCoates,CharlesCoates@einrot.com,pass,,,teacher
MorganWaters,MorganWaters@superrito.com,pass,,,teacher
JamieBlackburn,JamieBlackburn@dayrep.com,pass,,,teacher
OwenHenry,OwenHenry@teleworm.us,pass,,,teacher
JordanJohn,JordanJohn@teleworm.us,pass,,,teacher
EthanNorth,EthanNorth@gustr.com,pass,,,teacher
AaronHolden,AaronHolden@teleworm.us,pass,,,teacher
MasonFoster,MasonFoster@rhyta.com,pass,,,teacher
OllieGiles,OllieGiles@superrito.com,pass,,,teacher
LouisBenson,LouisBenson@armyspy.com,pass,,,teacher
HarveyLewis,HarveyLewis@gustr.com,pass,,,teacher
AidanFreeman,AidanFreeman@gustr.com,pass,,,teacher
BenRoss,BenRoss@rhyta.com,pass,,,teacher
OliverCartwright,OliverCartwright@rhyta.com,pass,,,teacher
LouieRoberts,LouieRoberts@cuvox.de,pass,,,teacher
JoshWhite,JoshWhite@gustr.com,pass,,,teacher
LeonMistry,LeonMistry@cuvox.de,pass,,,teacher
MorganBarry,MorganBarry@superrito.com,pass,,,teacher
OliverGiles,OliverGiles@rhyta.com,pass,,,teacher
HaydenColeman,HaydenColeman@einrot.com,pass,,,teacher
MasonSkinner,MasonSkinner@einrot.com,pass,,,teacher
EthanWebster,EthanWebster@armyspy.com,pass,,,teacher
ZakBerry,ZakBerry@cuvox.de,pass,,,teacher
TomMitchell,TomMitchell@gustr.com,pass,,,teacher
HarleyCollier,HarleyCollier@dayrep.com,pass,,,teacher
FreddieDobson,FreddieDobson@teleworm.us,pass,,,teacher
LouieBanks,LouieBanks@cuvox.de,pass,,,teacher
ZacharyLowe,ZacharyLowe@einrot.com,pass,,,teacher
LucaDixon,LucaDixon@teleworm.us,pass,,,teacher
LewisScott,LewisScott@dayrep.com,pass,,,teacher
EwanHumphreys,EwanHumphreys@rhyta.com,pass,,,teacher
ScottGraham,ScottGraham@teleworm.us,pass,,,teacher
GeorgeDobson,GeorgeDobson@einrot.com,pass,,,teacher
DavidBryant,DavidBryant@rhyta.com,pass,,,teacher
ReeceWest,ReeceWest@dayrep.com,pass,,,teacher
OliverLee,OliverLee@armyspy.com,pass,,,teacher
IsaacMacdonald,IsaacMacdonald@teleworm.us,pass,,,teacher
BenjaminFarmer,BenjaminFarmer@teleworm.us,pass,,,teacher
JohnKirk,JohnKirk@teleworm.us,pass,,,teacher
EllisSummers,EllisSummers@dayrep.com,pass,,,teacher
SebastianRahman,SebastianRahman@cuvox.de,pass,,,teacher
DominicWoodward,DominicWoodward@armyspy.com,pass,,,teacher
JacobWyatt,JacobWyatt@rhyta.com,pass,,,teacher
DavidMellor,DavidMellor@rhyta.com,pass,,,teacher
WilliamWinter,WilliamWinter@superrito.com,pass,,,teacher
RyanFitzgerald,RyanFitzgerald@rhyta.com,pass,,,teacher
CallumMcDonald,CallumMcDonald@gustr.com,pass,,,teacher
ScottAllen,ScottAllen@einrot.com,pass,,,teacher
CharlieHolloway,CharlieHolloway@dayrep.com,pass,,,teacher
LucaDale,LucaDale@teleworm.us,pass,,,teacher
JoshWard,JoshWard@rhyta.com,pass,,,teacher
CoreyLynch,CoreyLynch@rhyta.com,pass,,,teacher
AndrewGibbs,AndrewGibbs@cuvox.de,pass,,,teacher
NoahMartin,NoahMartin@einrot.com,pass,,,teacher
LucaSheppard,LucaSheppard@teleworm.us,pass,,,teacher
DylanFox,DylanFox@einrot.com,pass,,,teacher
SebastianBowen,SebastianBowen@armyspy.com,pass,,,teacher
MohammadBarrett,MohammadBarrett@superrito.com,pass,,,teacher
AnthonyNorth,AnthonyNorth@rhyta.com,pass,,,teacher
ArchieWilliams,ArchieWilliams@dayrep.com,pass,,,teacher
TylerCraig,TylerCraig@gustr.com,pass,,,teacher
LeoChandler,LeoChandler@gustr.com,pass,,,teacher
ChristopherHarding,ChristopherHarding@einrot.com,pass,,,teacher
JoelLambert,JoelLambert@cuvox.de,pass,,,teacher
LeoKerr,LeoKerr@armyspy.com,pass,,,teacher
RhysCole,RhysCole@rhyta.com,pass,,,teacher
BenColes,BenColes@dayrep.com,pass,,,teacher
RobertHoughton,RobertHoughton@teleworm.us,pass,,,teacher
BillyFlynn,BillyFlynn@teleworm.us,pass,,,teacher
MorganPotter,MorganPotter@cuvox.de,pass,,,teacher
LewisKemp,LewisKemp@einrot.com,pass,,,teacher
AndrewHarrison,AndrewHarrison@cuvox.de,pass,,,teacher
EwanDavison,EwanDavison@rhyta.com,pass,,,teacher
PatrickBurgess,PatrickBurgess@dayrep.com,pass,,,teacher
HarleyBrennan,HarleyBrennan@cuvox.de,pass,,,teacher
RobertWatkins,RobertWatkins@cuvox.de,pass,,,teacher
AidanHanson,AidanHanson@superrito.com,pass,,,teacher
DanielBerry,DanielBerry@einrot.com,pass,,,teacher
LewisWade,LewisWade@dayrep.com,pass,,,teacher
JohnTyler,JohnTyler@armyspy.com,pass,,,teacher
LiamShah,LiamShah@armyspy.com,pass,,,teacher
MaxHenderson,MaxHenderson@cuvox.de,pass,,,teacher
CameronReeves,CameronReeves@armyspy.com,pass,,,teacher
SpencerShah,SpencerShah@teleworm.us,pass,,,teacher
TomClayton,TomClayton@rhyta.com,pass,,,teacher
ZakAli,ZakAli@cuvox.de,pass,,,teacher
BenHenry,BenHenry@dayrep.com,pass,,,teacher
JoelSummers,JoelSummers@rhyta.com,pass,,,teacher
JohnClark,JohnClark@cuvox.de,pass,,,teacher
DavidHarding,DavidHarding@teleworm.us,pass,,,teacher
LucasHowarth,LucasHowarth@cuvox.de,pass,,,teacher
MohammedTalbot,MohammedTalbot@armyspy.com,pass,,,teacher
JoshuaThomson,JoshuaThomson@einrot.com,pass,,,teacher
AndrewKirby,AndrewKirby@dayrep.com,pass,,,teacher
LouisPowell,LouisPowell@cuvox.de,pass,,,teacher
HarryHaynes,HarryHaynes@teleworm.us,pass,,,teacher
JordanTurner,JordanTurner@superrito.com,pass,,,teacher
CallumKirk,CallumKirk@armyspy.com,pass,,,teacher
TaylorKemp,TaylorKemp@gustr.com,pass,,,teacher
LoganHayward,LoganHayward@dayrep.com,pass,,,teacher
LoganElliott,LoganElliott@superrito.com,pass,,,teacher
RileyGiles,RileyGiles@cuvox.de,pass,,,teacher
NoahShort,NoahShort@dayrep.com,pass,,,teacher
KianConnolly,KianConnolly@cuvox.de,pass,,,teacher
MohammedAtkinson,MohammedAtkinson@armyspy.com,pass,,,teacher
JoelBryant,JoelBryant@dayrep.com,pass,,,teacher
AaronRees,AaronRees@cuvox.de,pass,,,teacher
ArchieMorrison,ArchieMorrison@superrito.com,pass,,,teacher
AidanCartwright,AidanCartwright@gustr.com,pass,,,teacher
JosephMoran,JosephMoran@einrot.com,pass,,,teacher
AaronBibi,AaronBibi@gustr.com,pass,,,teacher
JacobLambert,JacobLambert@superrito.com,pass,,,teacher
AlfieMacdonald,AlfieMacdonald@superrito.com,pass,,,teacher
SpencerDavison,SpencerDavison@dayrep.com,pass,,,teacher
FinlayBurke,FinlayBurke@superrito.com,pass,,,teacher
ElliotWright,ElliotWright@gustr.com,pass,,,teacher
RhysWilliamson,RhysWilliamson@gustr.com,pass,,,teacher
ElliotBradshaw,ElliotBradshaw@armyspy.com,pass,,,teacher
RileyKnight,RileyKnight@rhyta.com,pass,,,teacher
LucaHope,LucaHope@gustr.com,pass,,,teacher
ZakBegum,ZakBegum@cuvox.de,pass,,,teacher
DavidMitchell,DavidMitchell@cuvox.de,pass,,,teacher
AidanMiah,AidanMiah@einrot.com,pass,,,teacher
CharlesPotts,CharlesPotts@gustr.com,pass,,,teacher
JackWebster,JackWebster@gustr.com,pass,,,teacher
ThomasWalton,ThomasWalton@cuvox.de,pass,,,teacher
EdwardWyatt,EdwardWyatt@cuvox.de,pass,,,teacher
FreddieJennings,FreddieJennings@cuvox.de,pass,,,teacher
KyleArmstrong,KyleArmstrong@teleworm.us,pass,,,teacher
BradleyBell,BradleyBell@teleworm.us,pass,,,teacher
LiamHerbert,LiamHerbert@teleworm.us,pass,,,teacher
LucaRobertson,LucaRobertson@teleworm.us,pass,,,teacher
JamieSanderson,JamieSanderson@armyspy.com,pass,,,teacher
HenryByrne,HenryByrne@einrot.com,pass,,,teacher
RhysJennings,RhysJennings@cuvox.de,pass,,,teacher
LouieConway,LouieConway@armyspy.com,pass,,,teacher
NathanButcher,NathanButcher@armyspy.com,pass,,,teacher
CharlesPope,CharlesPope@cuvox.de,pass,,,teacher
GeorgeAbbott,GeorgeAbbott@superrito.com,pass,,,teacher
JoshuaHayes,JoshuaHayes@cuvox.de,pass,,,teacher
EthanHutchinson,EthanHutchinson@gustr.com,pass,,,teacher
BillyJames,BillyJames@superrito.com,pass,,,teacher
AlfieHart,AlfieHart@armyspy.com,pass,,,teacher
JonathanOliver,JonathanOliver@gustr.com,pass,,,teacher
AlexanderGardner,AlexanderGardner@teleworm.us,pass,,,teacher
GabrielGeorge,GabrielGeorge@rhyta.com,pass,,,teacher
ConnorAhmed,ConnorAhmed@rhyta.com,pass,,,teacher
CameronKerr,CameronKerr@armyspy.com,pass,,,teacher
HaydenMartin,HaydenMartin@teleworm.us,pass,,,teacher
AlexanderHyde,AlexanderHyde@rhyta.com,pass,,,teacher
MichaelCurtis,MichaelCurtis@armyspy.com,pass,,,teacher
ScottDavidson,ScottDavidson@armyspy.com,pass,,,teacher
LouisRahman,LouisRahman@superrito.com,pass,,,teacher
JacobKerr,JacobKerr@armyspy.com,pass,,,teacher
AlexMitchell,AlexMitchell@superrito.com,pass,,,teacher
LucasRose,LucasRose@einrot.com,pass,,,teacher
IsaacRobertson,IsaacRobertson@armyspy.com,pass,,,teacher
JamesBond,JamesBond@dayrep.com,pass,,,teacher
AlexanderBartlett,AlexanderBartlett@armyspy.com,pass,,,teacher
HarryWalters,HarryWalters@rhyta.com,pass,,,teacher
JudeBaldwin,JudeBaldwin@teleworm.us,pass,,,teacher
CharlesGriffiths,CharlesGriffiths@teleworm.us,pass,,,teacher
SamuelCraig,SamuelCraig@gustr.com,pass,,,teacher
JonathanSavage,JonathanSavage@cuvox.de,pass,,,teacher
CameronPhillips,CameronPhillips@cuvox.de,pass,,,teacher
AdamChamberlain,AdamChamberlain@dayrep.com,pass,,,teacher
JonathanForster,JonathanForster@armyspy.com,pass,,,teacher
BradleyFlynn,BradleyFlynn@superrito.com,pass,,,teacher
FinleyLawrence,FinleyLawrence@gustr.com,pass,,,teacher
JordanGardner,JordanGardner@cuvox.de,pass,,,teacher
ZakAnderson,ZakAnderson@dayrep.com,pass,,,teacher
BrandonWright,BrandonWright@dayrep.com,pass,,,teacher
FinleyHumphreys,FinleyHumphreys@teleworm.us,pass,,,teacher
HenryONeill,HenryONeill@superrito.com,pass,,,teacher
NicholasSimpson,NicholasSimpson@superrito.com,pass,,,teacher
LucasBibi,LucasBibi@dayrep.com,pass,,,teacher
RileyNorth,RileyNorth@armyspy.com,pass,,,teacher
TylerPritchard,TylerPritchard@cuvox.de,pass,,,teacher
EllisHart,EllisHart@einrot.com,pass,,,teacher
CameronHayward,CameronHayward@einrot.com,pass,,,teacher
RhysBennett,RhysBennett@superrito.com,pass,,,teacher
OwenDay,OwenDay@cuvox.de,pass,,,teacher
BillyClayton,BillyClayton@armyspy.com,pass,,,teacher
AlfieStevenson,AlfieStevenson@dayrep.com,pass,,,teacher
TomRogers,TomRogers@superrito.com,pass,,,teacher
HarryKemp,HarryKemp@einrot.com,pass,,,teacher
AlexanderJenkins,AlexanderJenkins@dayrep.com,pass,,,teacher
AlfieHerbert,AlfieHerbert@armyspy.com,pass,,,teacher
JoshuaDouglas,JoshuaDouglas@dayrep.com,pass,,,teacher
HaydenHorton,HaydenHorton@superrito.com,pass,,,teacher
HarleyOSullivan,HarleyOSullivan@armyspy.com,pass,,,teacher
JoshDoherty,JoshDoherty@dayrep.com,pass,,,teacher
OscarBarker,OscarBarker@armyspy.com,pass,,,teacher
RhysField,RhysField@rhyta.com,pass,,,teacher
HarveyDoherty,HarveyDoherty@gustr.com,pass,,,teacher
ScottHiggins,ScottHiggins@armyspy.com,pass,,,teacher
LucasQuinn,LucasQuinn@teleworm.us,pass,,,teacher
JoshuaGould,JoshuaGould@superrito.com,pass,,,teacher
HarryHumphries,HarryHumphries@einrot.com,pass,,,teacher
DanielWarren,DanielWarren@einrot.com,pass,,,teacher
JosephAnderson,JosephAnderson@superrito.com,pass,,,teacher
AndrewWoods,AndrewWoods@teleworm.us,pass,,,teacher
JoshuaMorris,JoshuaMorris@cuvox.de,pass,,,teacher
ChristopherAli,ChristopherAli@armyspy.com,pass,,,teacher
TylerWatson,TylerWatson@rhyta.com,pass,,,teacher
DavidWinter,DavidWinter@rhyta.com,pass,,,teacher
SamCartwright,SamCartwright@rhyta.com,pass,,,teacher
DominicSanders,DominicSanders@dayrep.com,pass,,,teacher
SeanEvans,SeanEvans@teleworm.us,pass,,,teacher
BenCooper,BenCooper@einrot.com,pass,,,teacher
CharlieRobson,CharlieRobson@cuvox.de,pass,,,teacher
JohnNelson,JohnNelson@einrot.com,pass,,,teacher
BrandonHilton,BrandonHilton@superrito.com,pass,,,teacher
OwenLawrence,OwenLawrence@rhyta.com,pass,,,teacher
CoreyMiddleton,CoreyMiddleton@dayrep.com,pass,,,teacher
JordanBlake,JordanBlake@superrito.com,pass,,,teacher
AlexSaunders,AlexSaunders@armyspy.com,pass,,,teacher
HenryBarlow,HenryBarlow@einrot.com,pass,,,teacher
SamuelGoddard,SamuelGoddard@dayrep.com,pass,,,teacher
ThomasPoole,ThomasPoole@dayrep.com,pass,,,teacher
JoshCarroll,JoshCarroll@superrito.com,pass,,,teacher
NicholasDavison,NicholasDavison@einrot.com,pass,,,teacher
OliverBlackburn,OliverBlackburn@cuvox.de,pass,,,teacher
TaylorPower,TaylorPower@rhyta.com,pass,,,teacher
EvanKnowles,EvanKnowles@gustr.com,pass,,,teacher
LukeGray,LukeGray@cuvox.de,pass,,,teacher
BradleyKing,BradleyKing@superrito.com,pass,,,teacher
OliverPearce,OliverPearce@rhyta.com,pass,,,teacher
BenjaminLeach,BenjaminLeach@teleworm.us,pass,,,teacher
CharlesRogers,CharlesRogers@teleworm.us,pass,,,teacher
LouieWatson,LouieWatson@gustr.com,pass,,,teacher
NathanRead,NathanRead@gustr.com,pass,,,teacher
KaiLambert,KaiLambert@rhyta.com,pass,,,teacher
JamesGreen,JamesGreen@cuvox.de,pass,,,teacher
NoahButler,NoahButler@dayrep.com,pass,,,teacher
JoshWalsh,JoshWalsh@gustr.com,pass,,,teacher
JamieTownsend,JamieTownsend@rhyta.com,pass,,,teacher
DavidDay,DavidDay@gustr.com,pass,,,teacher
LukeBuckley,LukeBuckley@armyspy.com,pass,,,teacher
JoelFraser,JoelFraser@rhyta.com,pass,,,teacher
JoshuaHarding,JoshuaHarding@armyspy.com,pass,,,teacher
EthanRose,EthanRose@teleworm.us,pass,,,teacher
JonathanRiley,JonathanRiley@gustr.com,pass,,,teacher
AaronGiles,AaronGiles@armyspy.com,pass,,,teacher
DominicWebb,DominicWebb@superrito.com,pass,,,teacher
EwanKirk,EwanKirk@teleworm.us,pass,,,teacher
CameronLewis,CameronLewis@cuvox.de,pass,,,teacher
TylerChamberlain,TylerChamberlain@dayrep.com,pass,,,teacher
GeorgeReed,GeorgeReed@superrito.com,pass,,,teacher
JosephJenkins,JosephJenkins@superrito.com,pass,,,teacher
JamieMiles,JamieMiles@teleworm.us,pass,,,teacher
IsaacRoberts,IsaacRoberts@armyspy.com,pass,,,teacher
LukeFraser,LukeFraser@teleworm.us,pass,,,teacher
JamieBurgess,JamieBurgess@dayrep.com,pass,,,teacher
JosephBlake,JosephBlake@einrot.com,pass,,,teacher
PeterPerkins,PeterPerkins@armyspy.com,pass,,,teacher
BaileyGriffin,BaileyGriffin@cuvox.de,pass,,,teacher
LouieColes,LouieColes@armyspy.com,pass,,,teacher
SebastianNelson,SebastianNelson@cuvox.de,pass,,,teacher
BenOwens,BenOwens@teleworm.us,pass,,,teacher
ReeceHope,ReeceHope@superrito.com,pass,,,teacher
ConnorPoole,ConnorPoole@gustr.com,pass,,,teacher
JoelElliott,JoelElliott@teleworm.us,pass,,,teacher
JosephBrooks,JosephBrooks@armyspy.com,pass,,,teacher
JoeBarlow,JoeBarlow@armyspy.com,pass,,,teacher
MohammedKay,MohammedKay@dayrep.com,pass,,,teacher
CharlesArcher,CharlesArcher@superrito.com,pass,,,teacher
SebastianNewman,SebastianNewman@einrot.com,pass,,,teacher
DominicDunn,DominicDunn@rhyta.com,pass,,,teacher
JayPorter,JayPorter@superrito.com,pass,,,teacher
BaileySchofield,BaileySchofield@gustr.com,pass,,,teacher
MaxMorton,MaxMorton@dayrep.com,pass,,,teacher
OliverMarsh,OliverMarsh@teleworm.us,pass,,,teacher
RhysDavison,RhysDavison@superrito.com,pass,,,teacher
EdwardMurphy,EdwardMurphy@superrito.com,pass,,,teacher
KaiColes,KaiColes@cuvox.de,pass,,,teacher
AnthonyHenderson,AnthonyHenderson@teleworm.us,pass,,,teacher
KianStephenson,KianStephenson@rhyta.com,pass,,,teacher
BrandonBoyle,BrandonBoyle@einrot.com,pass,,,teacher
BrookeReeves,BrookeReeves@einrot.com,pass,,,teacher
SofiaDavis,SofiaDavis@cuvox.de,pass,,,teacher
LeahSimmons,LeahSimmons@einrot.com,pass,,,teacher
GeorgiaKnight,GeorgiaKnight@cuvox.de,pass,,,teacher
OliviaHolt,OliviaHolt@superrito.com,pass,,,teacher
LibbyHodgson,LibbyHodgson@rhyta.com,pass,,,teacher
AmyPoole,AmyPoole@superrito.com,pass,,,teacher
AbbieBlackburn,AbbieBlackburn@rhyta.com,pass,,,teacher
BrookePalmer,BrookePalmer@dayrep.com,pass,,,teacher
AmyBurns,AmyBurns@cuvox.de,pass,,,teacher
NiamhHussain,NiamhHussain@gustr.com,pass,,,teacher
JodieHenderson,JodieHenderson@teleworm.us,pass,,,teacher
BrookeHolt,BrookeHolt@einrot.com,pass,,,teacher
AmberWebb,AmberWebb@rhyta.com,pass,,,teacher
CharliePalmer,CharliePalmer@superrito.com,pass,,,teacher
PaigeTodd,PaigeTodd@armyspy.com,pass,,,teacher
EliseGoddard,EliseGoddard@cuvox.de,pass,,,teacher
ErinNorris,ErinNorris@cuvox.de,pass,,,teacher
AliceIqbal,AliceIqbal@superrito.com,pass,,,teacher
SarahSteele,SarahSteele@superrito.com,pass,,,teacher
EvieHarding,EvieHarding@teleworm.us,pass,,,teacher
AmelieCole,AmelieCole@gustr.com,pass,,,teacher
LolaHowe,LolaHowe@superrito.com,pass,,,teacher
GraceMartin,GraceMartin@dayrep.com,pass,,,teacher
AliciaLamb,AliciaLamb@gustr.com,pass,,,teacher
CourtneyDale,CourtneyDale@gustr.com,pass,,,teacher
SofiaGregory,SofiaGregory@superrito.com,pass,,,teacher
SofiaDobson,SofiaDobson@teleworm.us,pass,,,teacher
SarahSwift,SarahSwift@rhyta.com,pass,,,teacher
KateWhitehouse,KateWhitehouse@cuvox.de,pass,,,teacher
AmyParry,AmyParry@superrito.com,pass,,,teacher
RubyHopkins,RubyHopkins@rhyta.com,pass,,,teacher
KatieWebb,KatieWebb@dayrep.com,pass,,,teacher
AvaWalton,AvaWalton@rhyta.com,pass,,,teacher
GeorgiaRichardson,GeorgiaRichardson@einrot.com,pass,,,teacher
LilyChandler,LilyChandler@armyspy.com,pass,,,teacher
EllaPratt,EllaPratt@dayrep.com,pass,,,teacher
OliviaCurtis,OliviaCurtis@cuvox.de,pass,,,teacher
HollieWelch,HollieWelch@einrot.com,pass,,,teacher
SummerBooth,SummerBooth@cuvox.de,pass,,,teacher
LolaFreeman,LolaFreeman@teleworm.us,pass,,,teacher
MayaLloyd,MayaLloyd@superrito.com,pass,,,teacher
VictoriaHawkins,VictoriaHawkins@dayrep.com,pass,,,teacher
MorganHowe,MorganHowe@dayrep.com,pass,,,teacher
LydiaFerguson,LydiaFerguson@cuvox.de,pass,,,teacher
EvieShepherd,EvieShepherd@gustr.com,pass,,,teacher
IsabelleBarton,IsabelleBarton@superrito.com,pass,,,teacher
JasmineCameron,JasmineCameron@gustr.com,pass,,,teacher
ElizabethTalbot,ElizabethTalbot@teleworm.us,pass,,,teacher
LouiseMartin,LouiseMartin@gustr.com,pass,,,teacher
ShannonWhitehouse,ShannonWhitehouse@gustr.com,pass,,,teacher
ImogenCameron,ImogenCameron@einrot.com,pass,,,teacher
MayaWhite,MayaWhite@rhyta.com,pass,,,teacher
AmberYates,AmberYates@cuvox.de,pass,,,teacher
MeganShaw,MeganShaw@armyspy.com,pass,,,teacher
KayleighGibbs,KayleighGibbs@rhyta.com,pass,,,teacher
LydiaGraham,LydiaGraham@gustr.com,pass,,,teacher
AvaFord,AvaFord@armyspy.com,pass,,,teacher
LydiaWhite,LydiaWhite@einrot.com,pass,,,teacher
AbigailHancock,AbigailHancock@gustr.com,pass,,,teacher
ChloeChamberlain,ChloeChamberlain@einrot.com,pass,,,teacher
OliviaPoole,OliviaPoole@einrot.com,pass,,,teacher
LydiaSaunders,LydiaSaunders@dayrep.com,pass,,,teacher
KateMiddleton,KateMiddleton@superrito.com,pass,,,teacher
NicoleSharpe,NicoleSharpe@gustr.com,pass,,,teacher
LilyPeters,LilyPeters@dayrep.com,pass,,,teacher
DaisyMiddleton,DaisyMiddleton@dayrep.com,pass,,,teacher
LucyReed,LucyReed@dayrep.com,pass,,,teacher
GeorgiaTalbot,GeorgiaTalbot@superrito.com,pass,,,teacher
LaurenBlackburn,LaurenBlackburn@armyspy.com,pass,,,teacher
EmilyKirby,EmilyKirby@rhyta.com,pass,,,teacher
MiaLaw,MiaLaw@cuvox.de,pass,,,teacher
DanielleNicholson,DanielleNicholson@gustr.com,pass,,,teacher
ErinHart,ErinHart@superrito.com,pass,,,teacher
EllaPowell,EllaPowell@cuvox.de,pass,,,teacher
CharlotteParkinson,CharlotteParkinson@armyspy.com,pass,,,teacher
SofiaRowe,SofiaRowe@rhyta.com,pass,,,teacher
MillieAustin,MillieAustin@gustr.com,pass,,,teacher
FaithFerguson,FaithFerguson@dayrep.com,pass,,,teacher
HolliePratt,HolliePratt@einrot.com,pass,,,teacher
NiamhWalsh,NiamhWalsh@einrot.com,pass,,,teacher
NicoleMiles,NicoleMiles@cuvox.de,pass,,,teacher
DaisyMacdonald,DaisyMacdonald@einrot.com,pass,,,teacher
EllieHilton,EllieHilton@dayrep.com,pass,,,teacher
MelissaBurgess,MelissaBurgess@rhyta.com,pass,,,teacher
DaisyCarey,DaisyCarey@superrito.com,pass,,,teacher
HollyHancock,HollyHancock@einrot.com,pass,,,teacher
PoppyLane,PoppyLane@superrito.com,pass,,,teacher
PhoebeStokes,PhoebeStokes@armyspy.com,pass,,,teacher
LucyLamb,LucyLamb@armyspy.com,pass,,,teacher
NicoleWilliams,NicoleWilliams@cuvox.de,pass,,,teacher
MaisieFox,MaisieFox@cuvox.de,pass,,,teacher
EvaNoble,EvaNoble@superrito.com,pass,,,teacher
EllieBird,EllieBird@einrot.com,pass,,,teacher
MiaHartley,MiaHartley@gustr.com,pass,,,teacher
EvieBryant,EvieBryant@armyspy.com,pass,,,teacher
MollieWilliams,MollieWilliams@teleworm.us,pass,,,teacher
SummerGough,SummerGough@einrot.com,pass,,,teacher
SofiaRussell,SofiaRussell@dayrep.com,pass,,,teacher
LilyPerkins,LilyPerkins@armyspy.com,pass,,,teacher
MaisiePritchard,MaisiePritchard@armyspy.com,pass,,,teacher
MorganPrice,MorganPrice@teleworm.us,pass,,,teacher
MillieBlake,MillieBlake@teleworm.us,pass,,,teacher
LillyTaylor,LillyTaylor@cuvox.de,pass,,,teacher
TillyClayton,TillyClayton@dayrep.com,pass,,,teacher
MelissaNorton,MelissaNorton@cuvox.de,pass,,,teacher
GraceMay,GraceMay@rhyta.com,pass,,,teacher
AmyDavidson,AmyDavidson@armyspy.com,pass,,,teacher
JodieBruce,JodieBruce@gustr.com,pass,,,teacher
ImogenCraig,ImogenCraig@superrito.com,pass,,,teacher
GeorgiaBray,GeorgiaBray@cuvox.de,pass,,,teacher
MelissaHargreaves,MelissaHargreaves@einrot.com,pass,,,teacher
LillyAllan,LillyAllan@gustr.com,pass,,,teacher
MiaGordon,MiaGordon@rhyta.com,pass,,,teacher
KeiraJackson,KeiraJackson@superrito.com,pass,,,teacher
GeorginaWilliams,GeorginaWilliams@superrito.com,pass,,,teacher
JenniferSteele,JenniferSteele@armyspy.com,pass,,,teacher
TeganWalters,TeganWalters@dayrep.com,pass,,,teacher
ShannonRoberts,ShannonRoberts@armyspy.com,pass,,,teacher
MollieHamilton,MollieHamilton@gustr.com,pass,,,teacher
MollySmart,MollySmart@dayrep.com,pass,,,teacher
PoppyGill,PoppyGill@superrito.com,pass,,,teacher
MelissaPeters,MelissaPeters@einrot.com,pass,,,teacher
ErinGarner,ErinGarner@armyspy.com,pass,,,teacher
SarahStewart,SarahStewart@superrito.com,pass,,,teacher
EvieBarrett,EvieBarrett@dayrep.com,pass,,,teacher
GeorgiaPotter,GeorgiaPotter@armyspy.com,pass,,,teacher
HollieLowe,HollieLowe@superrito.com,pass,,,teacher
PoppyBarnett,PoppyBarnett@cuvox.de,pass,,,teacher
HannahKemp,HannahKemp@einrot.com,pass,,,teacher
IsabelAli,IsabelAli@armyspy.com,pass,,,teacher
HollyHobbs,HollyHobbs@einrot.com,pass,,,teacher
FrancescaMarsh,FrancescaMarsh@dayrep.com,pass,,,teacher
DaniellePerry,DaniellePerry@rhyta.com,pass,,,teacher
KateRichards,KateRichards@einrot.com,pass,,,teacher
AmberAtkinson,AmberAtkinson@superrito.com,pass,,,teacher
AvaConnolly,AvaConnolly@teleworm.us,pass,,,teacher
IsabellaCoates,IsabellaCoates@einrot.com,pass,,,teacher
TillyButler,TillyButler@rhyta.com,pass,,,teacher
OliviaBell,OliviaBell@gustr.com,pass,,,teacher
ImogenLawson,ImogenLawson@superrito.com,pass,,,teacher
AliciaMellor,AliciaMellor@cuvox.de,pass,,,teacher
EleanorWest,EleanorWest@rhyta.com,pass,,,teacher
MelissaAbbott,MelissaAbbott@gustr.com,pass,,,teacher
MeganBell,MeganBell@superrito.com,pass,,,teacher
MelissaMatthews,MelissaMatthews@rhyta.com,pass,,,teacher
TiaColeman,TiaColeman@teleworm.us,pass,,,teacher
JessicaParsons,JessicaParsons@teleworm.us,pass,,,teacher
ChelseaMistry,ChelseaMistry@armyspy.com,pass,,,teacher
JenniferLambert,JenniferLambert@einrot.com,pass,,,teacher
AnnaPayne,AnnaPayne@cuvox.de,pass,,,teacher
ImogenNash,ImogenNash@dayrep.com,pass,,,teacher
NicoleFraser,NicoleFraser@teleworm.us,pass,,,teacher
RebeccaMurray,RebeccaMurray@einrot.com,pass,,,teacher
SophiaFowler,SophiaFowler@gustr.com,pass,,,teacher
ShannonRice,ShannonRice@teleworm.us,pass,,,teacher
KayleighWilkins,KayleighWilkins@armyspy.com,pass,,,teacher
SummerCameron,SummerCameron@gustr.com,pass,,,teacher
MeganWoodward,MeganWoodward@armyspy.com,pass,,,teacher
MaddisonReed,MaddisonReed@armyspy.com,pass,,,teacher
EleanorHumphries,EleanorHumphries@superrito.com,pass,,,teacher
DemiCollier,DemiCollier@einrot.com,pass,,,teacher
IsobelRowley,IsobelRowley@dayrep.com,pass,,,teacher
CharlottePreston,CharlottePreston@superrito.com,pass,,,teacher
AliceStephens,AliceStephens@dayrep.com,pass,,,teacher
LydiaSutton,LydiaSutton@gustr.com,pass,,,teacher
MatildaCameron,MatildaCameron@teleworm.us,pass,,,teacher
HannahFletcher,HannahFletcher@cuvox.de,pass,,,teacher
MadeleineHutchinson,MadeleineHutchinson@gustr.com,pass,,,teacher
EvaMarsh,EvaMarsh@gustr.com,pass,,,teacher
KayleighRowley,KayleighRowley@dayrep.com,pass,,,teacher
GeorgiaMiller,GeorgiaMiller@superrito.com,pass,,,teacher
PoppyChambers,PoppyChambers@einrot.com,pass,,,teacher
SkyeWells,SkyeWells@gustr.com,pass,,,teacher
KeiraMorrison,KeiraMorrison@gustr.com,pass,,,teacher
HannahArmstrong,HannahArmstrong@einrot.com,pass,,,teacher
BethanyHill,BethanyHill@rhyta.com,pass,,,teacher
FaithParsons,FaithParsons@einrot.com,pass,,,teacher
SophieHarper,SophieHarper@dayrep.com,pass,,,teacher
NatashaAndrews,NatashaAndrews@rhyta.com,pass,,,teacher
NaomiDickinson,NaomiDickinson@teleworm.us,pass,,,teacher
HarrietHolloway,HarrietHolloway@rhyta.com,pass,,,teacher
LolaHaynes,LolaHaynes@gustr.com,pass,,,teacher
KayleighCollins,KayleighCollins@einrot.com,pass,,,teacher
YasminPerkins,YasminPerkins@superrito.com,pass,,,teacher
KatherineMiles,KatherineMiles@armyspy.com,pass,,,teacher
MorganHughes,MorganHughes@rhyta.com,pass,,,teacher
TeganBerry,TeganBerry@dayrep.com,pass,,,teacher
LilyFarrell,LilyFarrell@superrito.com,pass,,,teacher
CharlieRoberts,CharlieRoberts@gustr.com,pass,,,teacher
IsobelChandler,IsobelChandler@gustr.com,pass,,,teacher
IsabellaRandall,IsabellaRandall@cuvox.de,pass,,,teacher
PhoebeNewton,PhoebeNewton@gustr.com,pass,,,teacher
IsabelBirch,IsabelBirch@cuvox.de,pass,,,teacher
AlishaFleming,AlishaFleming@rhyta.com,pass,,,teacher
ChloeHobbs,ChloeHobbs@teleworm.us,pass,,,teacher
DanielleAbbott,DanielleAbbott@armyspy.com,pass,,,teacher
LillyWelch,LillyWelch@einrot.com,pass,,,teacher
RosiePorter,RosiePorter@armyspy.com,pass,,,teacher
AnnaMcLean,AnnaMcLean@superrito.com,pass,,,teacher
OliviaNash,OliviaNash@teleworm.us,pass,,,secretary
KeiraPerkins,KeiraPerkins@armyspy.com,pass,,,secretary
GracieGrant,GracieGrant@einrot.com,pass,,,secretary
MatildaGreen,MatildaGreen@superrito.com,pass,,,secretary
LillyPowell,LillyPowell@armyspy.com,pass,,,secretary
NaomiDavidson,NaomiDavidson@einrot.com,pass,,,secretary
EllaBlackburn,EllaBlackburn@rhyta.com,pass,,,secretary
SarahPratt,SarahPratt@einrot.com,pass,,,secretary
LydiaHarding,LydiaHarding@superrito.com,pass,,,secretary
CourtneyBlake,CourtneyBlake@dayrep.com,pass,,,secretary
ChloeCraig,ChloeCraig@cuvox.de,pass,,,secretary
MorganBarber,MorganBarber@teleworm.us,pass,,,secretary
SophieWilliams,SophieWilliams@einrot.com,pass,,,secretary
EllaGibbs,EllaGibbs@gustr.com,pass,,,secretary
AbbieTaylor,AbbieTaylor@einrot.com,pass,,,secretary
MeganFleming,MeganFleming@rhyta.com,pass,,,secretary
HannahSharp,HannahSharp@rhyta.com,pass,,,secretary
EmmaWebb,EmmaWebb@dayrep.com,pass,,,secretary
MorganGallagher,MorganGallagher@teleworm.us,pass,,,secretary
IsabelMills,IsabelMills@cuvox.de,pass,,,secretary
MayaJames,MayaJames@teleworm.us,pass,,,secretary
MayaHutchinson,MayaHutchinson@einrot.com,pass,,,secretary
LillyParker,LillyParker@gustr.com,pass,,,secretary
EllieLamb,EllieLamb@cuvox.de,pass,,,secretary
KeiraRyan,KeiraRyan@gustr.com,pass,,,secretary
LeahRoberts,LeahRoberts@armyspy.com,pass,,,secretary
JasmineReed,JasmineReed@teleworm.us,pass,,,secretary
HollyHaynes,HollyHaynes@einrot.com,pass,,,secretary
NicoleDobson,NicoleDobson@cuvox.de,pass,,,secretary
CharliePatterson,CharliePatterson@rhyta.com,pass,,,secretary
EviePhillips,EviePhillips@cuvox.de,pass,,,secretary
NiamhDale,NiamhDale@dayrep.com,pass,,,secretary
AimeeHumphries,AimeeHumphries@armyspy.com,pass,,,secretary
HarrietPugh,HarrietPugh@einrot.com,pass,,,secretary
BethanyCole,BethanyCole@armyspy.com,pass,,,secretary
SkyeBooth,SkyeBooth@dayrep.com,pass,,,secretary
AbbieRead,AbbieRead@einrot.com,pass,,,secretary
CerysDyer,CerysDyer@einrot.com,pass,,,secretary
LolaAllan,LolaAllan@rhyta.com,pass,,,secretary
VictoriaCampbell,VictoriaCampbell@teleworm.us,pass,,,secretary
NaomiBurgess,NaomiBurgess@dayrep.com,pass,,,secretary
TiaFrench,TiaFrench@dayrep.com,pass,,,secretary
NatashaBennett,NatashaBennett@dayrep.com,pass,,,secretary
ZoeTodd,ZoeTodd@teleworm.us,pass,,,secretary
LucyNolan,LucyNolan@gustr.com,pass,,,secretary
ElizabethNash,ElizabethNash@teleworm.us,pass,,,secretary
ErinGarnier,ErinGarnier@rhyta.com,pass,,,secretary
NaomiWall,NaomiWall@dayrep.com,pass,,,secretary
LydiaHargreaves,LydiaHargreaves@armyspy.com,pass,,,secretary
LolaWalsh,LolaWalsh@cuvox.de,pass,,,secretary
SiennaWalsh,SiennaWalsh@rhyta.com,pass,,,staff
EllaBennett,EllaBennett@gustr.com,pass,,,staff
PoppyPalmer,PoppyPalmer@dayrep.com,pass,,,staff
LolaPerkins,LolaPerkins@cuvox.de,pass,,,staff
FrancescaONeill,FrancescaONeill@cuvox.de,pass,,,staff
EleanorWalker,EleanorWalker@armyspy.com,pass,,,staff
MaddisonPorter,MaddisonPorter@cuvox.de,pass,,,staff
MelissaDodd,MelissaDodd@rhyta.com,pass,,,staff
FrancescaSimpson,FrancescaSimpson@dayrep.com,pass,,,staff
MillieField,MillieField@cuvox.de,pass,,,staff
KieraFleming,KieraFleming@einrot.com,pass,,,staff
ZaraStone,ZaraStone@rhyta.com,pass,,,staff
KatieBradshaw,KatieBradshaw@teleworm.us,pass,,,staff
IsobelSutton,IsobelSutton@dayrep.com,pass,,,staff
JessicaDaly,JessicaDaly@dayrep.com,pass,,,staff
KieraColeman,KieraColeman@teleworm.us,pass,,,staff
VictoriaHarper,VictoriaHarper@cuvox.de,pass,,,staff
PoppyNewton,PoppyNewton@armyspy.com,pass,,,staff
MiaPollard,MiaPollard@armyspy.com,pass,,,staff
KeiraNorth,KeiraNorth@dayrep.com,pass,,,staff
AbigailOliver,AbigailOliver@superrito.com,pass,,,staff
DemiSullivan,DemiSullivan@gustr.com,pass,,,staff
HollyAllen,HollyAllen@armyspy.com,pass,,,staff
EliseDoherty,EliseDoherty@teleworm.us,pass,,,staff
GracieFisher,GracieFisher@rhyta.com,pass,,,staff
EmmaCollier,EmmaCollier@armyspy.com,pass,,,staff
IsabelleBirch,IsabelleBirch@einrot.com,pass,,,staff
AmyParkinson,AmyParkinson@dayrep.com,pass,,,staff
EllaSchofield,EllaSchofield@rhyta.com,pass,,,staff
AmelieAdams,AmelieAdams@cuvox.de,pass,,,staff
KieraCooke,KieraCooke@dayrep.com,pass,,,staff
AbigailFlynn,AbigailFlynn@teleworm.us,pass,,,staff
MatildaFry,MatildaFry@dayrep.com,pass,,,staff
LaurenGill,LaurenGill@einrot.com,pass,,,staff
FrancescaGallagher,FrancescaGallagher@cuvox.de,pass,,,staff
MadisonSimmons,MadisonSimmons@einrot.com,pass,,,staff
ZoeOSullivan,ZoeOSullivan@rhyta.com,pass,,,staff
AbbieRoberts,AbbieRoberts@teleworm.us,pass,,,staff
EmilyDaly,EmilyDaly@gustr.com,pass,,,staff
GraceDonnelly,GraceDonnelly@rhyta.com,pass,,,staff
VictoriaHancock,VictoriaHancock@cuvox.de,pass,,,staff
KatieHowe,KatieHowe@dayrep.com,pass,,,staff
FreyaSavage,FreyaSavage@rhyta.com,pass,,,staff
CaitlinTucker,CaitlinTucker@teleworm.us,pass,,,staff
EleanorBell,EleanorBell@rhyta.com,pass,,,staff
EleanorParsons,EleanorParsons@superrito.com,pass,,,staff
TillyManning,TillyManning@gustr.com,pass,,,staff
FrancescaHale,FrancescaHale@cuvox.de,pass,,,staff
KeiraDodd,KeiraDodd@armyspy.com,pass,,,staff
JenniferHussain,JenniferHussain@superrito.com,pass,,,staff
ScottShah,ScottShah@cuvox.de,pass,,,staff
DavidBond,DavidBond@einrot.com,pass,,,staff
ElliotHeath,ElliotHeath@superrito.com,pass,,,staff
AndrewNaylor,AndrewNaylor@teleworm.us,pass,,,staff
JoeEllis,JoeEllis@armyspy.com,pass,,,staff
ScottFrancis,ScottFrancis@dayrep.com,pass,,,staff
AlexanderLees,AlexanderLees@einrot.com,pass,,,staff
BenjaminDavidson,BenjaminDavidson@rhyta.com,pass,,,staff
TomGodfrey,TomGodfrey@dayrep.com,pass,,,staff
BenjaminHunt,BenjaminHunt@rhyta.com,pass,,,staff
DanielSullivan,DanielSullivan@rhyta.com,pass,,,staff
HarryHardy,HarryHardy@einrot.com,pass,,,staff
MohammadBird,MohammadBird@dayrep.com,pass,,,staff
RyanStone,RyanStone@armyspy.com,pass,,,staff
WilliamBrookes,WilliamBrookes@rhyta.com,pass,,,staff
JudeFrost,JudeFrost@superrito.com,pass,,,staff
JaySheppard,JaySheppard@dayrep.com,pass,,,staff
AnthonyWilliamson,AnthonyWilliamson@rhyta.com,pass,,,staff
BenOConnor,BenOConnor@dayrep.com,pass,,,staff
AndrewPreston,AndrewPreston@armyspy.com,pass,,,staff
GeorgeFord,GeorgeFord@gustr.com,pass,,,staff
IsaacRose,IsaacRose@rhyta.com,pass,,,staff
MohammadDodd,MohammadDodd@dayrep.com,pass,,,staff
ThomasDonnelly,ThomasDonnelly@rhyta.com,pass,,,staff
LucasMcKenzie,LucasMcKenzie@armyspy.com,pass,,,staff
PeterBooth,PeterBooth@dayrep.com,pass,,,staff
SpencerHill,SpencerHill@teleworm.us,pass,,,staff
KieranLeach,KieranLeach@einrot.com,pass,,,staff
SamRobson,SamRobson@cuvox.de,pass,,,staff
JaydenDodd,JaydenDodd@armyspy.com,pass,,,staff
CharlieFlynn,CharlieFlynn@dayrep.com,pass,,,staff
OwenGibbons,OwenGibbons@cuvox.de,pass,,,staff
ZakMurray,ZakMurray@teleworm.us,pass,,,staff
AlexPeacock,AlexPeacock@armyspy.com,pass,,,staff
EthanBarlow,EthanBarlow@superrito.com,pass,,,staff
LouisBrookes,LouisBrookes@cuvox.de,pass,,,staff
TylerNicholls,TylerNicholls@superrito.com,pass,,,staff
DylanMoore,DylanMoore@rhyta.com,pass,,,staff
NathanHobbs,NathanHobbs@einrot.com,pass,,,staff
DeclanSims,DeclanSims@superrito.com,pass,,,staff
BillyGraham,BillyGraham@rhyta.com,pass,,,staff
CoreyFrost,CoreyFrost@armyspy.com,pass,,,staff
EllisNewton,EllisNewton@dayrep.com,pass,,,staff
ElliotMistry,ElliotMistry@dayrep.com,pass,,,staff
JaydenBull,JaydenBull@teleworm.us,pass,,,staff
ZacharyBevan,ZacharyBevan@einrot.com,pass,,,staff
PeterHargreaves,PeterHargreaves@superrito.com,pass,,,staff
NoahOwens,NoahOwens@dayrep.com,pass,,,staff
FinleyWilkinson,FinleyWilkinson@teleworm.us,pass,,,staff
ZakPearce,ZakPearce@cuvox.de,pass,,,staff
BradleyCunningham,BradleyCunningham@teleworm.us,pass,,,staff
HarveyBuckley,HarveyBuckley@gustr.com,pass,,,staff
CallumPerkins,CallumPerkins@teleworm.us,pass,,,staff
BaileyHoughton,BaileyHoughton@armyspy.com,pass,,,staff
EthanHooper,EthanHooper@teleworm.us,pass,,,staff
RileySimpson,RileySimpson@armyspy.com,pass,,,staff
BillyJones,BillyJones@cuvox.de,pass,,,staff
PeterRice,PeterRice@dayrep.com,pass,,,staff
OliverMorgan,OliverMorgan@armyspy.com,pass,,,staff
LouieTownsend,LouieTownsend@rhyta.com,pass,,,staff
EllisRussell,EllisRussell@dayrep.com,pass,,,staff
DylanGriffiths,DylanGriffiths@teleworm.us,pass,,,staff
LeoCooke,LeoCooke@armyspy.com,pass,,,staff
EllisWatkins,EllisWatkins@einrot.com,pass,,,staff
LukeGarner,LukeGarner@einrot.com,pass,,,staff
BrandonCarey,BrandonCarey@teleworm.us,pass,,,staff
HarrisonStephens,HarrisonStephens@einrot.com,pass,,,staff
HarryCooper,HarryCooper@superrito.com,pass,,,staff
LucasPearce,LucasPearce@cuvox.de,pass,,,staff
SamChapman,SamChapman@teleworm.us,pass,,,staff
BenjaminLynch,BenjaminLynch@teleworm.us,pass,,,staff
MohammadDouglas,MohammadDouglas@gustr.com,pass,,,staff
CameronAdams,CameronAdams@superrito.com,pass,,,staff
BaileyMatthews,BaileyMatthews@rhyta.com,pass,,,staff
MaxSpencer,MaxSpencer@rhyta.com,pass,,,staff
HenryPollard,HenryPollard@cuvox.de,pass,,,staff
AaronFraser,AaronFraser@armyspy.com,pass,,,staff
LucasWoods,LucasWoods@gustr.com,pass,,,staff
DylanFord,DylanFord@rhyta.com,pass,,,staff
CharlieGilbert,CharlieGilbert@einrot.com,pass,,,staff
MasonHaynes,MasonHaynes@gustr.com,pass,,,staff
MuhammadWalsh,MuhammadWalsh@armyspy.com,pass,,,staff
DavidIngram,DavidIngram@dayrep.com,pass,,,staff
ScottElliott,ScottElliott@rhyta.com,pass,,,staff
JoshTodd,JoshTodd@dayrep.com,pass,,,staff
HaydenAtkins,HaydenAtkins@rhyta.com,pass,,,staff
JudeGill,JudeGill@superrito.com,pass,,,staff
LucaHaynes,LucaHaynes@teleworm.us,pass,,,staff
CameronKemp,CameronKemp@cuvox.de,pass,,,staff
ConnorTyler,ConnorTyler@dayrep.com,pass,,,staff
MohammadWallace,MohammadWallace@armyspy.com,pass,,,staff
JaydenMay,JaydenMay@rhyta.com,pass,,,staff
JamesPage,JamesPage@dayrep.com,pass,,,staff
MorganHarrison,MorganHarrison@dayrep.com,pass,,,staff
LeonNelson,LeonNelson@teleworm.us,pass,,,staff
DylanHiggins,DylanHiggins@cuvox.de,pass,,,staff
ConnorPotts,ConnorPotts@teleworm.us,pass,,,staff
LeonEvans,LeonEvans@einrot.com,pass,,,staff
AdamFuller,AdamFuller@cuvox.de,pass,,,staff
JudeFord,JudeFord@einrot.com,pass,,,staff
NatashaKeown,NatashaKeown@phpedu.org.uk,pass,,,parent
ZoeGroves,ZoeGroves@phpedu.org.uk,pass,,,parent
LucyMersin,LucyMersin@phpedu.org.uk,pass,,,parent
ElizabethSmith,ElizabethSmith@phpedu.org.uk,pass,,,parent
ErinRichardson,ErinRichardson@phpedu.org.uk,pass,,,parent
NaomiThomas,NaomiThomas@phpedu.org.uk,pass,,,parent
LydiaBould,LydiaBould@phpedu.org.uk,pass,,,parent
LolaCampbell,LolaCampbell@phpedu.org.uk,pass,,,parent
SiennaDixon,SiennaDixon@phpedu.org.uk,pass,,,parent
EllaWinterburn,EllaWinterburn@phpedu.org.uk,pass,,,parent
PoppyHillier,PoppyHillier@phpedu.org.uk,pass,,,parent
LolaLimpar,LolaLimpar@phpedu.org.uk,pass,,,parent
FrancescaLinighan,FrancescaLinighan@phpedu.org.uk,pass,,,parent
EleanorSeaman,EleanorSeaman@phpedu.org.uk,pass,,,parent
MaddisonWright,MaddisonWright@phpedu.org.uk,pass,,,parent
MelissaJensen,MelissaJensen@phpedu.org.uk,pass,,,parent
FrancescaParlour,FrancescaParlour@phpedu.org.uk,pass,,,parent
MillieBergkamp,MillieBergkamp@phpedu.org.uk,pass,,,parent
KieraPlatt,KieraPlatt@phpedu.org.uk,pass,,,parent
ZaraVieira,ZaraVieira@phpedu.org.uk,pass,,,parent
KatieGrimandi,KatieGrimandi@phpedu.org.uk,pass,,,parent
IsobelOvermars,IsobelOvermars@phpedu.org.uk,pass,,,parent
JessicaPetit,JessicaPetit@phpedu.org.uk,pass,,,parent
KieraLjungberg,KieraLjungberg@phpedu.org.uk,pass,,,parent
VictoriaCole,VictoriaCole@phpedu.org.uk,pass,,,parent
PoppyHenry,PoppyHenry@phpedu.org.uk,pass,,,parent
MiaKanu,MiaKanu@phpedu.org.uk,pass,,,parent
KeiraLuzhny,KeiraLuzhny@phpedu.org.uk,pass,,,parent
AbigailWiltord,AbigailWiltord@phpedu.org.uk,pass,,,parent
DemiCampbell,DemiCampbell@phpedu.org.uk,pass,,,parent
HollySilva,HollySilva@phpedu.org.uk,pass,,,parent
EliseToure,EliseToure@phpedu.org.uk,pass,,,parent
GracieLehmann,GracieLehmann@phpedu.org.uk,pass,,,parent
EmmaFabregas,EmmaFabregas@phpedu.org.uk,pass,,,parent
IsabelleClichy,IsabelleClichy@phpedu.org.uk,pass,,,parent
AmySenderos,AmySenderos@phpedu.org.uk,pass,,,parent
EllaAlmunia,EllaAlmunia@phpedu.org.uk,pass,,,parent
AmelieReyes,AmelieReyes@phpedu.org.uk,pass,,,parent
KieravanPersie,KieravanPersie@phpedu.org.uk,pass,,,parent
AbigailFlamini,AbigailFlamini@phpedu.org.uk,pass,,,parent
MatildaDjourou,MatildaDjourou@phpedu.org.uk,pass,,,parent
LaurenEboue,LaurenEboue@phpedu.org.uk,pass,,,parent
FrancescaHleb,FrancescaHleb@phpedu.org.uk,pass,,,parent
MadisonBendtner,MadisonBendtner@phpedu.org.uk,pass,,,parent
ZoeSong,ZoeSong@phpedu.org.uk,pass,,,parent
AbbieAdebayor,AbbieAdebayor@phpedu.org.uk,pass,,,parent
EmilyGallas,EmilyGallas@phpedu.org.uk,pass,,,parent
GraceWalcott,GraceWalcott@phpedu.org.uk,pass,,,parent
VictoriaDiaby,VictoriaDiaby@phpedu.org.uk,pass,,,parent
KatieRosicki,KatieRosicki@phpedu.org.uk,pass,,,parent
FreyaSagna,FreyaSagna@phpedu.org.uk,pass,,,parent
CaitlinRamsey,CaitlinRamsey@phpedu.org.uk,pass,,,parent
EleanorNasri,EleanorNasri@phpedu.org.uk,pass,,,parent
EleanorArshavin,EleanorArshavin@phpedu.org.uk,pass,,,parent
TillySzczesny,TillySzczesny@phpedu.org.uk,pass,,,parent
FrancescaFabianski,FrancescaFabianski@phpedu.org.uk,pass,,,parent
KeiraMertesacker,KeiraMertesacker@phpedu.org.uk,pass,,,parent
JenniferVermaelen,JenniferVermaelen@phpedu.org.uk,pass,,,parent
IsobelKoscielny,IsobelKoscielny@phpedu.org.uk,pass,,,parent
MaddisonMonreal,MaddisonMonreal@phpedu.org.uk,pass,,,parent
IsobelJenkinson,IsobelJenkinson@phpedu.org.uk,pass,,,parent
YasminGibbs,YasminGibbs@phpedu.org.uk,pass,,,parent
LolaArteta,LolaArteta@phpedu.org.uk,pass,,,parent
TiaWilshere,TiaWilshere@phpedu.org.uk,pass,,,parent
EliseCazorla,EliseCazorla@phpedu.org.uk,pass,,,parent
JasmineFrimpong,JasmineFrimpong@phpedu.org.uk,pass,,,parent
JadeMiyaichi,JadeMiyaichi@phpedu.org.uk,pass,,,parent
AlicePodolski,AlicePodolski@phpedu.org.uk,pass,,,parent
JodieGiroud,JodieGiroud@phpedu.org.uk,pass,,,parent
JadeOxladeChamberlain,JadeOxladeChamberlain@phpedu.org.uk,pass,,,parent
MaddisonSanogo,MaddisonSanogo@phpedu.org.uk,pass,,,parent
HarrietCampbell,HarrietCampbell@phpedu.org.uk,pass,,,parent
ScarlettWilliams,ScarlettWilliams@phpedu.org.uk,pass,,,parent
MillieSharapova,MillieSharapova@phpedu.org.uk,pass,,,parent
SummerAzarenka,SummerAzarenka@phpedu.org.uk,pass,,,parent
GeorgiaRadwanska,GeorgiaRadwanska@phpedu.org.uk,pass,,,parent
JodieNa,JodieNa@phpedu.org.uk,pass,,,parent
MaisieErrani,MaisieErrani@phpedu.org.uk,pass,,,parent
EvieBartoli,EvieBartoli@phpedu.org.uk,pass,,,parent
IsabelKvitova,IsabelKvitova@phpedu.org.uk,pass,,,parent
SkyeKerber,SkyeKerber@phpedu.org.uk,pass,,,parent
OliviaWozniacki,OliviaWozniacki@phpedu.org.uk,pass,,,parent
KieraVinci,KieraVinci@phpedu.org.uk,pass,,,parent
JasmineKirilenko,JasmineKirilenko@phpedu.org.uk,pass,,,parent
LeahStosur,LeahStosur@phpedu.org.uk,pass,,,parent
AvaJankovic,AvaJankovic@phpedu.org.uk,pass,,,parent
AlishaFlipkens,AlishaFlipkens@phpedu.org.uk,pass,,,parent
KatherineStephens,KatherineStephens@phpedu.org.uk,pass,,,parent
EleanorIvanovic,EleanorIvanovic@phpedu.org.uk,pass,,,parent
LauraLisicki,LauraLisicki@phpedu.org.uk,pass,,,parent
MatildaPetrova,MatildaPetrova@phpedu.org.uk,pass,,,parent
AbbyNavarro,AbbyNavarro@phpedu.org.uk,pass,,,parent
ElizabethCibulkova,ElizabethCibulkova@phpedu.org.uk,pass,,,parent
SofiaVesnina,SofiaVesnina@phpedu.org.uk,pass,,,parent
RubyHalep,RubyHalep@phpedu.org.uk,pass,,,parent
ElliePavlyuchenkova,ElliePavlyuchenkova@phpedu.org.uk,pass,,,parent
GraceKanepi,GraceKanepi@phpedu.org.uk,pass,,,parent
LibbyMakarova,LibbyMakarova@phpedu.org.uk,pass,,,parent
CharlotteKuznetsova,CharlotteKuznetsova@phpedu.org.uk,pass,,,parent
HollieSafarova,HollieSafarova@phpedu.org.uk,pass,,,parent
BethanyHampton,BethanyHampton@phpedu.org.uk,pass,,,parent
CharlieCornet,CharlieCornet@phpedu.org.uk,pass,,,parent
FaithBarthel,FaithBarthel@phpedu.org.uk,pass,,,parent
LucyRobson,LucyRobson@phpedu.org.uk,pass,,,parent
BethanyCirstea,BethanyCirstea@phpedu.org.uk,pass,,,parent
MadeleineShuai,MadeleineShuai@phpedu.org.uk,pass,,,parent
MollyWilliams,MollyWilliams@phpedu.org.uk,pass,,,parent
LilyLepchenko,LilyLepchenko@phpedu.org.uk,pass,,,parent
ScarlettZakopalova,ScarlettZakopalova@phpedu.org.uk,pass,,,parent
LauraJovanovski,LauraJovanovski@phpedu.org.uk,pass,,,parent
AmelieMladenovic,AmelieMladenovic@phpedu.org.uk,pass,,,parent
LolaRadwanska,LolaRadwanska@phpedu.org.uk,pass,,,parent
LucyRybarikova,LucyRybarikova@phpedu.org.uk,pass,,,parent
EmmaHsieh,EmmaHsieh@phpedu.org.uk,pass,,,parent
MiaGoerges,MiaGoerges@phpedu.org.uk,pass,,,parent
CharlieKeys,CharlieKeys@phpedu.org.uk,pass,,,parent
LillyOprandi,LillyOprandi@phpedu.org.uk,pass,,,parent
VictoriaHantuchova,VictoriaHantuchova@phpedu.org.uk,pass,,,parent
AmyNiculescu,AmyNiculescu@phpedu.org.uk,pass,,,parent
GraciePuig,GraciePuig@phpedu.org.uk,pass,,,parent
SeanMertesacker,SeanMertesacker@phpedu.org.uk,pass,,,parent
BillyVermaelen,BillyVermaelen@phpedu.org.uk,pass,,,parent
SamuelKoscielny,SamuelKoscielny@phpedu.org.uk,pass,,,parent
JonathanMonreal,JonathanMonreal@phpedu.org.uk,pass,,,parent
BaileyJenkinson,BaileyJenkinson@phpedu.org.uk,pass,,,parent
LukeGibbs,LukeGibbs@phpedu.org.uk,pass,,,parent
JackArteta,JackArteta@phpedu.org.uk,pass,,,parent
JordanWilshere,JordanWilshere@phpedu.org.uk,pass,,,parent
ZacharyCazorla,ZacharyCazorla@phpedu.org.uk,pass,,,parent
BrandonFrimpong,BrandonFrimpong@phpedu.org.uk,pass,,,parent
JoshuaMiyaichi,JoshuaMiyaichi@phpedu.org.uk,pass,,,parent
JamiePodolski,JamiePodolski@phpedu.org.uk,pass,,,parent
WilliamGiroud,WilliamGiroud@phpedu.org.uk,pass,,,parent
BenOxladeChamberlain,BenOxladeChamberlain@phpedu.org.uk,pass,,,parent
DanielWilliams,DanielWilliams@phpedu.org.uk,pass,,,parent
AdamSharapova,AdamSharapova@phpedu.org.uk,pass,,,parent
JoeAzarenka,JoeAzarenka@phpedu.org.uk,pass,,,parent
MorganNa,MorganNa@phpedu.org.uk,pass,,,parent
ElliotErrani,ElliotErrani@phpedu.org.uk,pass,,,parent
JonathanBartoli,JonathanBartoli@phpedu.org.uk,pass,,,parent
JaydenKvitova,JaydenKvitova@phpedu.org.uk,pass,,,parent
KaiKerber,KaiKerber@phpedu.org.uk,pass,,,parent
LeonWozniacki,LeonWozniacki@phpedu.org.uk,pass,,,parent
KyleVinci,KyleVinci@phpedu.org.uk,pass,,,parent
GabrielKirilenko,GabrielKirilenko@phpedu.org.uk,pass,,,parent